sepal length (cm),sepal width (cm),petal length (cm),petal width (cm),class
5.1,3.5,5.9,1.3,2
5.1,3.5,3.8,2.3,2
5.1,3.5,5.6,1.1,2
5.1,3.5,5.5,1.0,2
5.1,2.5,6.8,0.2,2
5.1,3.5,6.8,0.2,2
5.1,3.5,6.5,0.3,2
5.099999904632568,3.5,1.399999976158142,0.20000000298023224,0
