sepal length (cm),sepal width (cm),petal length (cm),petal width (cm),class
5.1,3.5,5.2,0.4,2
5.1,3.5,5.5,0.5,2
5.1,3.5,7.0,2.3,2
5.1,3.4,6.6,0.2,2
5.1,3.5,5.1,0.2,2
5.4,3.5,4.9,0.2,2
5.1,2.7,6.4,0.2,2
5.099999904632568,3.5,1.399999976158142,0.20000000298023224,0
