sepal length (cm),sepal width (cm),petal length (cm),petal width (cm),class
5.1,3.5,6.0,0.2,2
5.1,3.5,6.2,1.6,2
5.1,3.5,6.1,1.7,2
5.1,2.3,6.8,0.2,2
5.1,3.5,6.1,2.1,2
5.1,3.5,4.7,2.4,2
5.1,3.5,6.3,0.9,2
5.099999904632568,3.5,1.399999976158142,0.20000000298023224,0
