Given credit (NT$),Education,Age,"Past, monthly payment (-1)","Past, monthly payment (-2)","Past, monthly bill (-1)","Past, monthly bill (-2)",Prev. payment in NT$ (-1),Prev. payment in NT$ (-2),Gender_female,Gender_male,Marital status_married,Marital status_others,Marital status_single,Y
0.0808080808080808,0.2241379310344827,0.91910619,0.0795324700960797,0.0017377328424638,0.0008905993674369,2.0,2.1,0.0,1.0,0.0,0.0,0.0,1.0,1
0.0808080808080808,0.2241379310344827,0.1723923117695831,0.0795324700960797,0.0017377328424638,0.0008905993674369,1.7,3.8,0.0,1.0,0.0,0.0,0.0,1.0,1
0.0808080808080808,0.2241379310344827,0.1723923117695831,0.0795324700960797,0.0017377328424638,0.0008905993674369,2.0,2.8,0.0,1.0,0.0,0.0,0.0,1.0,1
0.08080808073282242,0.2241379310344827,0.17239230871200562,0.0795324700960797,0.0017377328424638,0.0008905993890948594,2.0,0.0,0.0,1.0,0.0,0.0,0.0,1.0,0
