Given credit (NT$),Education,Age,"Past, monthly payment (-1)","Past, monthly payment (-2)","Past, monthly bill (-1)","Past, monthly bill (-2)",Prev. payment in NT$ (-1),Prev. payment in NT$ (-2),Gender_female,Gender_male,Marital status_married,Marital status_others,Marital status_single,P0,P1
0.1212121212121212,0.0862068965517241,0.2538813246012931,0.1884468942059849,0.0125922669743758,0.001543705570224,3.0,0.0,0.0,1.0,0.0,1.0,0.0,0.0,0.8982757,0.10172431
0.1212121212121212,0.0862068965517241,0.2538813246012931,0.1884468942059849,0.0125922669743758,0.001543705570224,3.0,2.0,0.0,1.0,0.0,1.0,0.0,0.0,0.4526515,0.5473485
0.1212121212121212,0.0862068965517241,0.2538813246012931,0.6800242571945928,0.0125922669743758,0.0,3.0,0.0,0.0,1.0,0.0,1.0,0.0,0.0,0.4410743,0.5589257
0.1212121212121212,0.0862068965517241,0.2538813246012931,0.1884468942059849,0.0125922669743758,0.001543705570224,3.0,3.0,0.0,1.0,0.0,1.0,0.0,0.0,0.34123814,0.65876186
0.0404040404040404,0.0862068965517241,0.2538813246012931,0.1884468942059849,0.0125922669743758,0.001543705570224,3.0,3.0,0.0,1.0,0.0,1.0,0.0,0.0,0.2120443,0.7879557
0.0404040404040404,0.0862068965517241,0.2538813246012931,0.4720102722955505,0.0125922669743758,0.001543705570224,3.0,0.0,0.0,1.0,0.0,1.0,0.0,0.0,0.49061227,0.50938773
