Given credit (NT$),Education,Age,"Past, monthly payment (-1)","Past, monthly payment (-2)","Past, monthly bill (-1)","Past, monthly bill (-2)",Prev. payment in NT$ (-1),Prev. payment in NT$ (-2),Gender_female,Gender_male,Marital status_married,Marital status_others,Marital status_single,P0,P1
0.02,1.0,1.0,0.0769230769230769,0.1600876940605112,0.2029978857379234,0.09009009009009,0.1999999999999999,2.0,0.0,1.0,0.0,0.0,1.0,0.03670566551713042,0.9632943344828696
0.02,0.25,0.5,0.0769230769230769,0.1600876940605112,0.2029978857379234,0.09009009009009,0.1999999999999999,2.0,0.0,1.0,0.0,0.0,1.0,0.7731675024314638,0.2268324975685362
0.94,0.25,1.0,0.0769230769230769,0.1600876940605112,0.2029978857379234,0.09009009009009,0.1999999999999999,2.0,0.0,1.0,0.0,0.0,1.0,0.8718342919906548,0.12816570800934549
0.02,0.5,0.5,0.0769230769230769,0.1600876940605112,0.2029978857379234,0.09009009009009,0.1999999999999999,2.0,0.0,1.0,0.0,0.0,1.0,0.7092690927408613,0.2907309072591388
0.02,0.5,1.0,0.0769230769230769,0.1600876940605112,0.2029978857379234,0.9009009009009008,0.1999999999999999,2.0,0.0,1.0,0.0,0.0,1.0,0.9060539785606815,0.09394602143931836
