Given credit (NT$),Education,Age,"Past, monthly payment (-1)","Past, monthly payment (-2)","Past, monthly bill (-1)","Past, monthly bill (-2)",Prev. payment in NT$ (-1),Prev. payment in NT$ (-2),Gender_female,Gender_male,Marital status_married,Marital status_others,Marital status_single,P0,P1
0.02,1.0,1.0,0.0769230769230769,0.1600876940605112,0.2029978857379234,0.09009009009009,0.1999999999999999,2.0,0.0,1.0,0.0,0.0,1.0,0.30592734225621415,0.6940726577437859
0.02,0.0,1.0,0.0769230769230769,0.1600876940605112,0.2029978857379234,0.09009009009009,0.1999999999999999,2.0,0.0,1.0,0.0,0.0,1.0,0.8127772848269743,0.18722271517302574
0.02,0.5,1.0,0.0769230769230769,0.1600876940605112,0.2029978857379234,0.09009009009009,0.1999999999999999,2.0,0.0,1.0,0.0,0.0,1.0,0.8127772848269743,0.18722271517302574
0.02,0.25,1.0,0.0769230769230769,0.1600876940605112,0.2029978857379234,0.09009009009009,0.1999999999999999,2.0,0.0,1.0,0.0,0.0,1.0,0.8127772848269743,0.18722271517302574
